{"stats":{"minecraft:mined":{"minecraft:oak_log":2},"minecraft:custom":{"minecraft:jump":32,"minecraft:time_since_rest":1534,"minecraft:leave_game":1,"minecraft:crouch_one_cm":57,"minecraft:sprint_one_cm":6971,"minecraft:play_time":1534,"minecraft:damage_taken":30,"minecraft:time_since_death":1534,"minecraft:walk_one_cm":3328,"minecraft:sneak_time":7,"minecraft:total_world_time":1534,"minecraft:fall_one_cm":693,"minecraft:fly_one_cm":4109},"minecraft:picked_up":{"minecraft:oak_log":2}},"DataVersion":3218}