{"stats":{"minecraft:mined":{"minecraft:tall_grass":2,"minecraft:grass":42,"minecraft:acacia_log":1},"minecraft:custom":{"minecraft:jump":70,"minecraft:time_since_rest":3813,"minecraft:damage_dealt":20,"minecraft:leave_game":2,"minecraft:play_time":3813,"minecraft:sprint_one_cm":11065,"minecraft:time_since_death":3813,"minecraft:walk_one_cm":7365,"minecraft:total_world_time":3813,"minecraft:fall_one_cm":685,"minecraft:fly_one_cm":11869},"minecraft:picked_up":{"minecraft:wheat_seeds":11,"minecraft:acacia_log":1}},"DataVersion":3465}