{"stats":{"minecraft:picked_up":{"minecraft:oak_log":1},"minecraft:killed":{"minecraft:zombie":1},"minecraft:mined":{"minecraft:grass":1,"minecraft:oak_log":1,"minecraft:oak_leaves":3},"minecraft:custom":{"minecraft:jump":98,"minecraft:time_since_rest":6879,"minecraft:leave_game":1,"minecraft:damage_dealt":146,"minecraft:sprint_one_cm":4476,"minecraft:play_time":6879,"minecraft:damage_taken":185,"minecraft:time_since_death":6879,"minecraft:walk_one_cm":12029,"minecraft:total_world_time":6879,"minecraft:mob_kills":1,"minecraft:fall_one_cm":5148,"minecraft:fly_one_cm":4492}},"DataVersion":3465}