{"stats":{"minecraft:custom":{"minecraft:jump":145,"minecraft:time_since_rest":7476,"minecraft:damage_dealt":70,"minecraft:damage_taken":90,"minecraft:leave_game":2,"minecraft:crouch_one_cm":57,"minecraft:play_time":7476,"minecraft:sprint_one_cm":29418,"minecraft:time_since_death":7476,"minecraft:walk_one_cm":14769,"minecraft:sneak_time":7,"minecraft:total_world_time":7476,"minecraft:fall_one_cm":5983,"minecraft:fly_one_cm":27075},"minecraft:picked_up":{"minecraft:oak_log":2,"minecraft:wheat_seeds":1},"minecraft:mined":{"minecraft:tall_grass":1,"minecraft:grass":10,"minecraft:oak_log":2}},"DataVersion":3218}