{"stats":{"minecraft:custom":{"minecraft:time_since_rest":5898,"minecraft:sprint_one_cm":117041,"minecraft:damage_taken":2530,"minecraft:walk_one_cm":125368,"minecraft:drop":3,"minecraft:damage_dealt":363,"minecraft:swim_one_cm":2398,"minecraft:fly_one_cm":168551,"minecraft:open_chest":1,"minecraft:crouch_one_cm":659,"minecraft:play_time":83860,"minecraft:deaths":10,"minecraft:sneak_time":105,"minecraft:walk_under_water_one_cm":745,"minecraft:jump":846,"minecraft:leave_game":2,"minecraft:time_since_death":8297,"minecraft:walk_on_water_one_cm":1517,"minecraft:total_world_time":83860,"minecraft:fall_one_cm":28141},"minecraft:dropped":{"minecraft:dirt":1,"tombstone:grave_key":1,"minecraft:rotten_flesh":1},"minecraft:picked_up":{"minecraft:stick":7,"minecraft:azure_bluet":2,"minecraft:pumpkin":1,"minecraft:dandelion":9,"minecraft:potato":1,"minecraft:oak_log":4,"tombstone:grave_key":1,"minecraft:dirt":24,"minecraft:string":8,"minecraft:purple_bed":3,"minecraft:rotten_flesh":2,"minecraft:wheat_seeds":17,"minecraft:glass_bottle":2,"minecraft:egg":2},"minecraft:killed_by":{"minecraft:vindicator":1,"minecraft:spider":1,"minecraft:zombie":2,"minecraft:pillager":6},"minecraft:used":{"minecraft:dirt":7,"minecraft:egg":1},"minecraft:mined":{"minecraft:purple_bed":3,"minecraft:birch_leaves":1,"minecraft:dandelion":9,"minecraft:pumpkin":1,"minecraft:azure_bluet":2,"minecraft:grass":229,"minecraft:grass_block":19,"minecraft:oak_log":4,"minecraft:dirt":4,"minecraft:tall_grass":30,"minecraft:oak_leaves":6}},"DataVersion":3465}