{
  "minecraft:recipes/misc/charcoal": {
    "criteria": {
      "has_log": "2024-05-13 16:38:35 +0000"
    },
    "done": true
  },
  "minecraft:recipes/building_blocks/oak_planks": {
    "criteria": {
      "has_logs": "2024-05-13 16:38:35 +0000"
    },
    "done": true
  },
  "minecraft:recipes/building_blocks/oak_wood": {
    "criteria": {
      "has_log": "2024-05-13 16:38:35 +0000"
    },
    "done": true
  },
  "minecraft:adventure/adventuring_time": {
    "criteria": {
      "minecraft:river": "2024-05-13 16:39:10 +0000",
      "minecraft:forest": "2024-05-13 16:38:10 +0000",
      "minecraft:plains": "2024-05-13 16:39:15 +0000"
    },
    "done": false
  },
  "DataVersion": 3218
}